instrument,obj_a,gaia_a,obj_b,gaia_b,rv_diff,rv_sigma,ra_a,ra_error_a,dec_a,dec_error_a,parallax_a,parallax_error_a,pmra_a,pmra_error_a,pmdec_a,pmdec_error_a,ra_b,ra_error_b,dec_b,dec_error_b,parallax_b,parallax_error_b,pmra_b,pmra_error_b,pmdec_b,pmdec_error_b,gaia_rv_a,gaia_rv_err_a,gaia_rv_b,gaia_rv_err_b,mass_flame_a,mass_flame_b,mass_flame_a_lower,mass_flame_a_upper,mass_flame_b_lower,mass_flame_b_upper,teff_a,teff_b,logg_a,logg_b,mh_a,mh_b,mass_total_flame,mass_flame_a_err,mass_flame_b_err,mass_total_err
VLT,DY_Binary_13_Star_A,6295940298044771072,DY_Binary_13_Star_B,6295940302339553664,0.58137,0.01955,208.5424527,0.01297579706,-15.1275727,0.01194306929,4.875825621,0.01435714774,-3.882594871,0.01820139028,-18.48226242,0.01572990976,208.5431067,0.01310852449,-15.12781424,0.0118405195,4.915724653,0.01457493287,-3.629152155,0.01849985868,-18.2965945,0.01618573628,,,,,1.2687429189682007,1.191504955291748,1.2287168502807617,1.308917760848999,1.151185154914856,1.2318295240402222,5885.06884765625,5992.09716796875,3.7404000759124756,3.870300054550171,-0.90420001745224,-0.7264000177383423,2.4602478742599487,0.04010045528411865,0.040322184562683105,0.056867610130026384
VLT,DY_Binary_17_Star_A,5484928568505017472,DY_Binary_17_Star_B,5484928534145279744,-0.07051,0.06643,103.0538752,0.012529008,-56.50895435,0.012909633,8.870364783,0.0127591705,-10.2504153,0.018191371,-57.77911468,0.016940251,103.0450478,0.009435225,-56.51633312,0.009508615,8.898932104,0.00945407,-9.891883094,0.013157952,-56.81428309,0.012405254,-0.5763818622,0.1506578475,,,1.3117393255233765,1.0927387475967407,1.2716678380966187,1.3517552614212036,1.0527353286743164,1.132746696472168,5858.27587890625,5965.63525390625,3.781100034713745,4.194499969482422,-0.28369998931884766,-0.06859999895095825,2.404478073120117,0.04004371166229248,0.04000568389892578,0.0566034768182449
VLT,DY_Binary_19_Star_B,3759082066110510080,DY_Binary_19_Star_A,3759082066110510208,-0.81973,0.025,167.8501638,0.01794434,-9.357516481,0.015447267,4.290885328,0.02156231,-17.54471248,0.028125564,-5.615489991,0.017940408,167.8461329,0.018036408,-9.353888475,0.017492149,4.24440083,0.021657852,-16.26362161,0.025230777,-6.550778542,0.018385021,0.1227004528,0.1799712777,0.9778831601,0.2780379057,1.312150239944458,1.3568028211593628,1.2720928192138672,1.3523457050323486,1.2560604810714722,1.3978416919708252,6075.873046875,6039.68701171875,3.8780999183654785,3.985100030899048,0.08919999748468399,-0.04340000078082085,2.668953061103821,0.04012644290924072,0.07089060544967651,0.08145924969928375
VLT,DY_Binary_21_Star_B,3749791158495959552,DY_Binary_21_Star_A,3749791055416743552,-3.00505,0.03699,160.4503759,0.021602277,-14.70851767,0.019757267,14.29405553,0.023159167,68.25831832,0.031490933,9.09495386,0.0274345,160.4464375,0.017064508,-14.72467433,0.018382631,14.31605424,0.018701829,68.3974845,0.024007082,8.506915202,0.022815555,1.042411923,0.1720994711,0.6416106224,0.1766699404,0.9209889769554138,0.896804690361023,0.8804489374160767,0.9675161242485046,0.8566178679466248,0.9399941563606262,5608.47265625,5503.140625,4.35890007019043,4.410200119018555,-0.03150000050663948,-0.007799999788403511,1.8177936673164368,0.04353359341621399,0.04168814420700073,0.06027499583701287
VLT,DY_Binary_23_Star_B,4805634616824440192,DY_Binary_23_Star_A,4803965455094278528,-0.52427,0.05179,82.55982133,0.007883396931,-43.7984644,0.009521366097,9.730302832,0.009374272078,-21.90235214,0.01064854767,-37.80812496,0.0126204351,87.95332069,0.009127880447,-42.01840525,0.00956894923,9.584217432,0.01016227342,-20.06898701,0.01308572106,-39.33716717,0.01378774177,,,,,1.0249302387237549,1.092418909072876,0.9846150279045105,1.0653585195541382,1.0483078956604004,1.1335870027542114,5754.1337890625,5960.63330078125,4.438499927520752,4.433899879455566,-0.18050000071525574,-0.18459999561309814,2.117349147796631,0.04037174582481384,0.04263955354690552,0.058719752959483715
VLT,DY_Binary_23_Star_A,4803965455094278528,DY_Binary_23_Star_B,4805634616824440192,0.65494,0.03719,87.95332069,0.00912788,-42.01840525,0.009568949,9.584217432,0.010162273,-20.06898701,0.013085721,-39.33716717,0.013787742,82.55982133,0.007883397,-43.7984644,0.009521366,9.730302832,0.009374272,-21.90235214,0.010648548,-37.80812496,0.012620435,4.938081264,0.3042539656,6.155762196,0.2729438245,1.092418909072876,1.0249302387237549,1.0483078956604004,1.1335870027542114,0.9846150279045105,1.0653585195541382,5960.63330078125,5754.1337890625,4.433899879455566,4.438499927520752,-0.18459999561309814,-0.18050000071525574,2.117349147796631,0.04263955354690552,0.04037174582481384,0.058719752959483715
VLT,DY_Binary_24_Star_B,5296896205962076416,DY_Binary_24_Star_A,5296896240321814144,0.04361,0.0061,136.9980244,0.009469483,-64.03391859,0.008622146,16.60621263,0.009622258,-51.2544026,0.012873158,24.2456114,0.010590494,136.9918478,0.009669974,-64.03510261,0.008827777,16.63424307,0.00986793,-53.73876901,0.012593913,26.72827542,0.010672777,,,5.921489239,0.2432495505,0.8623455166816711,0.8126104474067688,0.8188906311988831,0.9032160043716431,0.7726104259490967,0.8526104688644409,5313.654296875,5024.0048828125,4.490200042724609,4.510200023651123,0.11180000007152557,-0.05400000140070915,1.67495596408844,0.042162686586380005,0.04000002145767212,0.05811793059629307
VLT,DY_Binary_28_Star_B,4677970179987090304,DY_Binary_28_Star_A,4677970179988001280,0.39502,0.02222,67.98571361,0.011441861,-59.87407332,0.012920865,9.65176368,0.012002392,-26.96704346,0.0153768165,-27.32456919,0.015975082,67.98291209,0.012200295,-59.87496593,0.013850142,9.664739631,0.013281932,-25.04521315,0.01714664,-25.66856227,0.016329864,11.80302238,0.4588206112,11.64334774,0.3369259536,0.972846508026123,1.0883713960647583,0.932442307472229,1.0136024951934814,1.0473568439483643,1.1289825439453125,5691.19189453125,5942.27490234375,4.423500061035156,4.422900199890137,-0.32190001010894775,-0.1687999963760376,2.0612179040908813,0.04058009386062622,0.04081284999847412,0.05755373786936156
VLT,DY_Binary_3_Star_A,3898778969789498880,DY_Binary_3_Star_B,3898778901070021504,0.01105,0.02469,181.0767764,0.01752649,7.398991143,0.013756197,8.760163109,0.019739449,-4.25963038,0.02242438,-18.26963904,0.014906488,181.0727696,0.019210378,7.405545517,0.013575857,8.746807772,0.01863164,-3.660277886,0.0286852,-18.69410364,0.014012708,-40.59447098,0.2286223024,-40.59447098,0.2286223024,1.062544822692871,1.1786023378372192,1.0225211381912231,1.1025789976119995,1.1385955810546875,1.2186094522476196,5942.58154296875,6232.90283203125,4.29640007019043,4.141900062561035,-0.4733000099658966,-0.6891999840736389,2.2411471605300903,0.040028929710388184,0.040006935596466064,0.056593905233505326
VLT,DY_Binary_33_Star_B,2919963104216198528,DY_Binary_33_Star_A,2919963104221492480,0.18097,0.00961,99.79801231,0.009796771,-26.57232285,0.012790946,20.90697359,0.01569155,-40.05413756,0.012634816,19.63609453,0.014385279,99.79825602,0.01039137,-26.57176477,0.013725116,20.88590437,0.016987285,-39.92984327,0.013182224,25.2548613,0.015262157,,,,,0.8127959966659546,0.8219091296195984,0.7724171876907349,0.8532336950302124,0.7818651795387268,0.8714398741722107,5083.34228515625,5137.583984375,4.470399856567383,4.469299793243408,-0.4207000136375427,-0.28139999508857727,1.634705126285553,0.04040825366973877,0.04478734731674194,0.060321915124674455
VLT,DY_Binary_34_Star_B,4940794866807373952,DY_Binary_34_Star_A,4940794488850252928,0.35744,0.00618,28.11510005,0.010269353,-49.52397526,0.011118548,8.604540469,0.012918454,31.37716352,0.012340118,-47.56029523,0.012646646,28.10670233,0.009887902,-49.53443156,0.011241851,8.597912153,0.012767035,32.43403,0.011714924,-48.12463982,0.012684239,22.730793,0.1449448615,,,1.176542043685913,1.145897626876831,1.136536955833435,1.2165473699569702,1.1058937311172485,1.1859028339385986,6151.03955078125,6123.2275390625,4.214799880981445,4.188199996948242,-0.27219998836517334,-0.2948000133037567,2.322439670562744,0.04000520706176758,0.04000455141067505,0.05657544277886158
VLT,DY_Binary_35_Star_A,4648549830108994816,DY_Binary_35_Star_B,4648549830108995200,-0.27304,0.02108,85.66394891,0.010781663,-74.85732534,0.010217982,7.462039088,0.010682083,28.16280018,0.012801218,69.08996003,0.013487023,85.66437239,0.010348537,-74.85853497,0.009838911,7.485169231,0.010270321,29.56305459,0.012361982,68.71170295,0.012797967,23.2577095,0.2720932961,23.28262138,0.2979565263,1.1479218006134033,1.1648839712142944,1.107918381690979,1.1879265308380127,1.1248797178268433,1.204888939857483,6150.53662109375,6154.9951171875,4.181000232696533,4.226500034332275,-0.4717000126838684,-0.4361000061035156,2.3128057718276978,0.040004074573516846,0.040004611015319824,0.056574684134960446
VLT,DY_Binary_37_Star_A,3002531548383047296,DY_Binary_37_Star_B,3002343871195786496,-0.20705,0.00982,99.63939008,0.011599081,-9.760917103,0.011329599,23.78379788,0.014497376,-163.5813595,0.013744319,95.35835458,0.013884919,99.64493286,0.011006233,-9.77058062,0.011250158,23.79633722,0.01413182,-162.7099552,0.013596878,96.65617538,0.013584382,24.31894493,0.192169264,24.64488983,0.2125828266,,,,,,,5009.89501953125,4801.84814453125,4.581600189208984,4.583600044250488,-0.4756999909877777,-0.5964000225067139,,,,
VLT,DY_Binary_39_Star_A,5595858262287843840,DY_Binary_39_Star_B,5595858159201264768,-0.55733,0.04447,120.9737504,0.009406446,-31.54359725,0.012700418,10.84475506,0.015212746,-73.27213048,0.0125247715,148.5736688,0.014806148,120.9607046,0.007008816,-31.55093087,0.00952223,10.84180856,0.01133148,-72.62689416,0.009424038,146.8838849,0.012217853,26.29292488,0.1385310441,,,1.0541664361953735,0.9325538873672485,1.0139281749725342,1.0941987037658691,0.8918507099151611,0.97288978099823,5771.0048828125,5646.357421875,4.061800003051758,4.342400074005127,0.0617000013589859,0.06520000100135803,1.986720323562622,0.04013526439666748,0.040519535541534424,0.057032203260018594
VLT,DY_Binary_4_Star_B,5863709946382541952,DY_Binary_4_Star_A,5863709946382545280,-0.22017,0.0133,202.2892885,0.008767375,-66.07852698,0.010084775,12.73626233,0.013013781,-127.3836555,0.010384769,11.17544504,0.013705308,202.2753295,0.011013003,-66.07367447,0.012385482,12.72730352,0.015541581,-128.0030944,0.012680611,11.3464643,0.016272739,-24.80796623,0.1968254298,-24.71505547,0.1432316154,1.002166509628296,1.1038178205490112,0.961965799331665,1.0422165393829346,1.06381356716156,1.143822431564331,5815.77294921875,6041.49755859375,4.313700199127197,4.1774001121521,-0.29429998993873596,-0.39100000262260437,2.105984330177307,0.040125370025634766,0.0400044322013855,0.05666039106332887
VLT,DY_Binary_41_Star_A,3830034685322011136,DY_Binary_41_Star_B,3830034479163581312,-0.3836,0.04167,151.0670716,0.02278323,-1.692001841,0.023242366,6.285525835,0.026024636,-66.3791624,0.027767815,-21.40698156,0.024420014,151.0686864,0.029404981,-1.69277468,0.033704296,6.305679177,0.032714646,-66.01775497,0.037760112,-22.7930758,0.035443824,28.77192497,0.2303833663,,,1.2182024717330933,1.3745019435882568,1.1780849695205688,1.2583377361297607,1.3340156078338623,1.4151426553726196,6141.28857421875,6058.8154296875,4.0680999755859375,3.985100030899048,-0.37880000472068787,-0.3828999996185303,2.59270441532135,0.04012638330459595,0.04056352376937866,0.05705721775285143
VLT,DY_Binary_43_Star_A,5195685713943687168,DY_Binary_43_Star_B,5195685713943683072,-0.43257,0.01039,145.8201283,0.013926042,-81.32219716,0.012731211,7.306293781,0.015386326,7.721498308,0.019636117,-74.20426486,0.01645666,145.7730526,0.010124763,-81.32918611,0.010566316,7.29851723,0.011925172,7.149767937,0.01486485,-74.62038083,0.012975102,31.6164341,0.2587540448,31.62233543,0.2345784307,1.0684221982955933,1.1002016067504883,1.0284096002578735,1.1084346771240234,1.0601927042007446,1.1402134895324707,5924.53515625,5975.35693359375,4.1682000160217285,4.140500068664551,-0.39100000262260437,-0.4357999861240387,2.1686238050460815,0.04001253843307495,0.04001039266586304,0.05658475725082548
VLT,DY_Binary_49_Star_A,3208713618088140160,DY_Binary_49_Star_B,3208713618088139520,-0.83894,0.02526,79.01713701,0.0133149605,-5.587436386,0.009013531,7.836200356,0.018602237,-4.449245652,0.017925544,19.84620813,0.012069184,79.0175289,0.011826818,-5.584835107,0.008356749,7.812156653,0.016317189,-2.118277312,0.01673001,19.75953843,0.011288449,,,,,1.1600605249404907,1.088028073310852,1.12002432346344,1.2000865936279297,1.0479933023452759,1.1286125183105469,6020.38134765625,5967.89208984375,4.190999984741211,4.162899971008301,-0.4350999891757965,-0.3650999963283539,2.2480885982513428,0.04003113508224487,0.0403096079826355,0.05680982548544475
VLT,DY_Binary_50_Star_A,5255388783050605824,DY_Binary_50_Star_B,5255388783050603136,0.0,0.02965,157.2462436,0.009036892,-58.79440587,0.009010915,15.48835605,0.009927402,116.3426718,0.011364182,-87.23782367,0.010811377,157.2435381,0.01019783,-58.79415028,0.010016032,15.50602504,0.011452393,117.4678527,0.013154154,-85.83186977,0.012364493,65.90157318,0.683287859,65.68856812,0.2574963868,0.8718944191932678,0.810716450214386,0.8313178420066833,0.9119312167167664,0.7706877589225769,0.850794792175293,5252.73583984375,5146.6142578125,4.502699851989746,4.500800132751465,-0.048500001430511475,-0.16359999775886536,1.6826108694076538,0.040306687355041504,0.04005351662635803,0.05682352716679071
VLT,DY_Binary_6_Star_B,6274653310550270592,DY_Binary_6_Star_A,6274656261191532160,0.09935,0.00661,209.7787735,0.014112141,-25.54591698,0.012006277,6.006634993,0.015296545,-84.5702453,0.019807242,-6.226285572,0.015490063,209.7778389,0.019853756,-25.5454373,0.017374843,6.008301837,0.021685982,-86.41196543,0.02673554,-7.483703115,0.023582354,-12.69979382,0.3741793633,-12.69979382,0.3741793633,1.0668737888336182,,1.0261636972427368,1.1072839498519897,,,5853.06494140625,,4.003499984741211,,-0.548799991607666,,,0.040560126304626465,,
VLT,DY_Binary_7_Star_A,6193279279612173952,DY_Binary_7_Star_B,6193280031230266752,-1.56609,0.0053,201.7604518,0.02488125,-24.29073339,0.016544359,33.47951338,0.031183902,-339.2446923,0.029515294,-67.0082036,0.019758169,201.6631734,0.019682491,-24.29367845,0.012401945,33.43269293,0.0226797,-338.1132325,0.021864971,-68.6482813,0.013695149,-13.49184895,0.144462496,-12.21141434,0.1275467575,,0.7674797177314758,,,0.7265480756759644,0.8102450370788574,,4855.37255859375,,4.556399822235107,,-0.1370999962091446,,,0.04184848070144653,
VLT,DY_Binary_8_Star_A,4837828175549438080,DY_Binary_8_Star_B,4837828179846041728,-0.81623,0.0162,63.84154105,0.011226708,-44.61099131,0.010200271,8.84111692,0.012037912,-25.68061513,0.012479314,38.64056333,0.013018765,63.83951901,0.009053116,-44.60820611,0.008627201,8.848464571,0.010056785,-25.30924158,0.010128884,40.23747386,0.011306698,-13.27192116,0.2784050107,-12.64630127,0.1727955937,1.0770725011825562,1.058004379272461,1.0370471477508545,1.1171222925186157,1.0179895162582397,1.0980255603790283,5966.572265625,5898.25244140625,4.341300010681152,4.357600212097168,-0.3059000074863434,-0.3228999972343445,2.135076880455017,0.040037572383880615,0.04001802206039429,0.05660785539146209
VLT,DY_Binary_16_Star_A,4857866023347844608,ESO_Binary_16_Star_B,4857866019051550976,-4.7887,0.42642,61.2257527,0.007865312,-35.84100111,0.009636578,11.55022461,0.010664507,1.245825952,0.010714519,-110.0251812,0.013455323,61.22247372,0.00956361,-35.83987057,0.011566176,11.56119463,0.012810749,0.5671767227,0.012664678,-108.6913513,0.015613913,-3.202461481,0.1883464605,-2.747456789,0.171463728,1.0661450624465942,1.1492772102355957,1.026134729385376,1.10615873336792,1.1092190742492676,1.1948966979980469,5929.22705078125,6182.76171875,4.390399932861328,4.2718000411987305,-0.3546000123023987,-0.301800012588501,2.21542227268219,0.04001200199127197,0.04283881187438965,0.05861846216132678
VLT,DY_Binary_30_Star_A,3717329177197429376,ESO_Binary_30_Star_B,3717329172901660160,0.22941,0.0167,200.4488489,0.016334957,5.825123346,0.011703675,7.1161615,0.020251326,-6.308236768,0.0226886,-66.83679392,0.015176106,200.4477815,0.016948149,5.82550303,0.0132294,7.102284466,0.023128267,-5.188971316,0.027506473,-66.82305611,0.017163873,13.37166214,0.2750699222,13.3686657,0.2137178779,1.0490483045578003,1.1017054319381714,1.0090432167053223,1.0890568494796753,1.0616648197174072,1.1417642831802368,5942.94677734375,6047.03271484375,4.313700199127197,4.20359992980957,-0.37470000982284546,-0.2937999963760376,2.1507537364959717,0.040006816387176514,0.040049731731414795,0.05660853618665253
Mage,Star106b,3183053112639796352,Star105a,3018965776882444416,-6.77292,0.01912,74.52285262,0.01193328388,-9.76057227,0.01049870066,12.90219361,0.01762180962,17.12047219,0.01769102365,-1.076382867,0.01293609012,88.46238016,0.01273706462,-7.02640212,0.01219802443,12.07877207,0.01608826593,-6.363434884,0.01484819688,-5.696407191,0.01350772008,,,,,0.995825469493866,0.9686737060546875,0.9558184146881104,1.035851001739502,0.9284188747406006,1.0088317394256592,5819.30517578125,5732.0390625,4.369999885559082,4.326900005340576,-0.09510000050067902,-0.20000000298023224,1.9644991755485535,0.0400162935256958,0.0402064323425293,0.0567261927970583
Mage,Star114B,5485115588561239808,Star113a,5485115519841798912,0.37116,0.00474,102.7408853,0.01081894245,-56.23668217,0.01012914907,13.30724535,0.01050244458,-27.53231402,0.01319373399,46.57141282,0.01282112766,102.7471244,0.01257976051,-56.23971811,0.01142012514,13.3167883,0.01182366535,-29.52827148,0.01643083617,46.04474505,0.01408152189,0.04063315317,0.1938356459,-0.02877914719,0.1622053534,1.0190885066986084,1.035578727722168,0.9786311984062195,1.059190273284912,0.9955733418464661,1.0755871534347534,5861.9755859375,5887.8349609375,4.291999816894531,4.200200080871582,-0.3538999855518341,-0.4205000102519989,2.0546672344207764,0.040279537439346313,0.04000690579414368,0.056771415761359946
Mage,Star120b,3359808231100381312,Star119a,3359820016490648576,-0.82493,0.01254,107.0496749,0.02107848041,15.51990204,0.01947738975,20.97249921,0.02295242622,-54.21135179,0.0261396654,-212.843829,0.02270251885,107.0007688,0.02143310755,15.52768016,0.01994245686,21.01847665,0.02317922749,-51.68680652,0.0265777465,-206.1646135,0.02322837524,,,,,1.0765321254730225,1.037891149520874,1.0365084409713745,1.1165610551834106,0.9978893399238586,1.0778933763504028,6017.8828125,5920.078125,4.279399871826172,4.2378997802734375,-1.1669000387191772,-0.46970000863075256,2.1144232749938965,0.040026307106018066,0.040002018213272095,0.05658857412658694
Mage,Star12b,2356080043380354816,Star11a,2356290256259997696,-0.56808,0.00432,15.52937379,0.01866982132,-19.66991616,0.01623273082,12.25676387,0.02421694808,129.5029987,0.02832695097,-54.48311988,0.03855151683,15.11732164,0.02001583949,-19.38963397,0.01379874349,12.25061206,0.0252690725,128.451523,0.02973351628,-54.60238105,0.02801439911,5.804744244,0.1386235058,5.241909504,0.1324980557,1.0895330905914307,1.1578707695007324,1.0495269298553467,1.1295523643493652,1.1178675889968872,1.197883129119873,5916.05908203125,5650.59619140625,4.133999824523926,4.035399913787842,-0.5411999821662903,-0.45190000534057617,2.247403860092163,0.04001271724700928,0.04000777006149292,0.05658302931782994
Mage,Star22-B,3613454637229634176,Star21-A,3613454637229633664,0.79237,0.00828,206.5177885,0.01441472117,-11.75065151,0.01245423965,4.085208505,0.01625929773,2.945590676,0.02004733123,-19.49285713,0.01739664935,206.5260731,0.01285730023,-11.75345372,0.01087201759,4.09249157,0.01460718829,2.40585414,0.01800551079,-19.60826639,0.01512339897,20.74016571,0.3158690333,21.94511032,0.2985781431,1.125346064567566,1.0265967845916748,1.0825074911117554,1.1667869091033936,0.986092209815979,1.0674635171890259,5849.4189453125,5789.45751953125,3.998500108718872,4.090799808502197,-0.0008999999845400453,-0.12080000340938568,2.1519428491592407,0.04213970899581909,0.04068565368652344,0.05857540004261204
Mage,Star212-B,6118406798373150848,Star211-A,6099322403253174016,1.46138,0.01039,217.2063716,0.01872451417,-36.81989912,0.01764669269,9.102369292,0.0218159277,-77.5400352,0.02437251247,-59.77934884,0.02531900071,216.9698787,0.0173529014,-45.17132826,0.01811726578,8.712264458,0.01892137155,-74.51166136,0.02164570428,-60.81178462,0.02783048339,-24.82099533,0.2434160113,-21.45641708,0.2782872021,0.9046109318733215,0.9834468960762024,0.864064633846283,0.9452595710754395,0.9426863193511963,1.0289474725723267,5517.44873046875,5629.52587890625,4.459499835968018,4.491600036621094,0.15520000457763672,0.0560000017285347,1.888057827949524,0.04059746861457825,0.043130576610565186,0.059231757501120114
Mage,Star214b,1167718049194619264,Star213a,1167718049194619136,-0.86429,0.03293,226.8863958,0.01838555373,9.226136166,0.01986848749,30.42952416,0.02158748917,-194.8162032,0.02382052876,22.91616031,0.02340883948,226.8858251,0.02059743553,9.225199663,0.01982880197,30.4068559,0.0232753139,-190.5255958,0.02961956337,30.38682621,0.02271100506,-34.44369888,0.187169075,-35.47881699,0.1818909794,0.9468840956687927,0.9192066192626953,0.9068790078163147,0.9868886470794678,0.8791765570640564,0.9593150615692139,5681.8642578125,5597.07373046875,4.322999954223633,4.366199970245361,-0.09669999778270721,-0.0729999989271164,1.866090714931488,0.04000481963157654,0.040069252252578735,0.05662093755701823
Mage,Star-216b,6003429424356691584,Star215a,6003429213889816832,-0.96972,0.00815,227.6801307,0.01696817577,-43.71738008,0.0164518021,31.82932308,0.02364017069,11.27081314,0.02495468967,-104.5901035,0.02215927653,227.6734458,0.0134749366,-43.73031073,0.01275054272,31.83878234,0.01747970469,10.40910337,0.02010143548,-98.77868999,0.0182162039,-4.088839531,0.1331895888,-4.455105305,0.1219673902,0.8961114287376404,0.9977381825447083,0.8559824824333191,0.9362365007400513,0.9577368497848511,1.0377397537231445,5515.5771484375,5828.7626953125,4.401800155639648,4.270500183105469,-0.020400000736117363,-0.26980000734329224,1.8938496112823486,0.04012700915336609,0.04000145196914673,0.056659447784409955
Mage,Star222b,6317420224061370624,Star221a,6317420219765757440,-1.54665,0.04292,234.7733737,0.01454002503,-8.564241468,0.01291374024,7.385035388,0.01997797377,-102.4553189,0.01774256304,-15.96886011,0.01552524325,234.7740106,0.01587124914,-8.564568806,0.01569905505,7.394451761,0.0228902977,-101.7740794,0.02072470449,-16.05552012,0.01986052468,-86.13905334,0.2261746079,,,1.0347315073013306,1.0529513359069824,0.9943292140960693,1.0758116245269775,1.0128273963928223,1.0930774211883545,5781.65673828125,5730.8935546875,4.192599773406982,4.128600120544434,-0.31610000133514404,-0.6730999946594238,2.087682843208313,0.0407412052154541,0.04012501239776611,0.05718271086900855
Mage,Star226-B,5778002293379364992,Star225-A,5807733500118617984,-3.44519,0.00779,253.3976524,0.008983191103,-76.36225907,0.01087911706,9.937430973,0.01294228528,-16.82449747,0.01040304825,-109.5666126,0.0136534702,251.3011826,0.009374316782,-70.79417616,0.01116271317,8.171489057,0.01491171587,-18.81020819,0.01158748567,-87.29775174,0.01386001427,-16.3927269,0.242189303,-20.75965118,0.3432784677,0.9545192718505859,0.9538136124610901,0.9144913554191589,0.9945419430732727,0.913455069065094,0.9941660165786743,5524.55615234375,5674.77880859375,4.553999900817871,4.418700218200684,0.19939999282360077,0.13760000467300415,1.908332884311676,0.040025293827056885,0.04035547375679016,0.05683826535070557
Mage,Star232-B,6420597089545019776,Star231-A,6709875880094622720,-8.65591,0.04028,294.228433,0.06754044443,-69.81699766,0.09351423383,14.06016887,0.1205675453,55.75808609,0.09038328379,-38.52415314,0.1202849224,279.0016451,0.01136870869,-44.42882737,0.0105926292,14.91191598,0.01383104362,45.77257631,0.01223692019,-39.28636524,0.01041449793,-6.708694935,0.3277452588,-15.61269093,0.1732003689,,0.9908087253570557,,,0.9507357478141785,1.031798005104065,5310.79638671875,5648.00341796875,4.344900131225586,4.428999900817871,-0.23010000586509705,-0.26190000772476196,,,0.04053112864494324,
Mage,Star232b,4383238052280567680,Star231a,6236816675902817536,0.72817,0.02044,248.9894344,0.01841785945,-0.4113030621,0.009125884622,16.8902564,0.02281804383,-28.19646608,0.02502262406,47.74414775,0.02208195627,237.6841751,0.02051101811,-24.00257835,0.009821061045,17.08481975,0.0237884596,-43.34644039,0.02204942703,15.83619038,0.01172871515,,,,,1.0472880601882935,0.9168347716331482,1.0072871446609497,1.0872888565063477,0.8765320777893066,0.9574049711227417,5941.33203125,5606.00390625,4.315000057220459,4.340199947357178,-0.4101000130176544,-0.046300001442432404,1.9641228318214417,0.040000855922698975,0.04043644666671753,0.056878596093599326
Mage,Star234b,4343064577465522816,Star233a,4343064508746082304,-0.09313,0.01774,241.1077458,0.0180645939,-11.44948148,0.01194337383,35.88977197,0.02001752332,-61.60678666,0.02207107842,-22.22701297,0.01391613856,241.1110727,0.02242625877,-11.44996637,0.01328638569,35.8717581,0.02365236357,-56.33370891,0.02746854164,-20.35668315,0.01655428112,-31.95599365,0.1258320957,-32.28187561,0.1217768267,0.8870907425880432,,0.8463912010192871,0.927670419216156,,,5466.580078125,,4.438799858093262,,0.09880000352859497,,,0.04063960909843445,,
Mage,Star236b,4421376193636525184,Star235a,1198060172076731520,-6.9548,0.01379,232.136978,0.01349200588,3.11033598,0.01294521987,17.1296675,0.0161513593,-66.21463812,0.01548597682,-23.66016439,0.01566066965,241.3956875,0.01518254727,15.25743011,0.01284495741,18.96020309,0.01936799102,-63.7569227,0.01640187763,-10.76331805,0.01549375802,,,,,0.8826373815536499,1.006635308265686,0.8425971865653992,0.9229354858398438,0.9650728702545166,1.049437403678894,5413.439453125,5694.44873046875,4.464600086212158,4.46560001373291,-0.27250000834465027,-0.11240000277757645,1.889272689819336,0.04016914963722229,0.04218226671218872,0.05824864125072601
Mage,Star240b,4464207428579939840,Star239a,4464207428577214464,-0.42269,0.00462,243.3276918,0.01490073372,13.5250351,0.01370118279,41.12866429,0.01967614144,178.9343578,0.01762647368,-419.9412068,0.0173495058,243.3276403,0.01524781436,13.52616796,0.01427155174,41.1545347,0.0203103181,194.15354,0.01820469648,-422.438427,0.01774857193,18.16322136,0.1762166768,18.48123741,0.1377738565,0.8737656474113464,0.8325855135917664,0.8333795666694641,0.9141025543212891,0.792582631111145,0.8726038932800293,5370.84619140625,5289.4365234375,4.45550012588501,4.456099987030029,0.021299999207258224,-0.5224999785423279,1.7063511610031128,0.040361493825912476,0.04001063108444214,0.05683221607182407
Mage,Star242-B,4174091454408295680,Star241-A,6643680401021447296,-3.28066,0.02267,270.4260811,0.01281487383,-4.681842135,0.01163295563,10.99508401,0.01461380161,-16.16227005,0.01558872592,4.769716547,0.0126803508,289.481098,0.01226613112,-54.69118395,0.01191216707,9.46640238,0.01554237306,-3.35191737,0.01279146131,-18.45460226,0.01188290492,-13.78230953,0.1592945158,-11.26646614,0.2059709579,1.036521315574646,1.1646287441253662,0.9949796199798584,1.0779414176940918,1.1245133876800537,1.2046781778335571,5878.5400390625,6172.36376953125,4.423600196838379,4.436999797821045,0.17000000178813934,0.07930000126361847,2.201150059700012,0.0414808988571167,0.04008239507675171,0.057682435498886096
Mage,Star244-B,5825293319323469824,Star243A,5821555284685890304,4.77576,0.02128,230.1389768,0.009818288498,-64.46234879,0.01125363819,10.56444421,0.01657450572,-78.95983344,0.008274125867,-58.51358653,0.01372383907,244.3039941,0.006271406543,-67.2456614,0.009229727089,9.625415201,0.01420115959,-61.66486583,0.007692615036,-65.21941925,0.01172626857,,,,,1.0920134782791138,1.179211974143982,1.052008032798767,1.1320189237594604,1.1392090320587158,1.2192156314849854,5908.5126953125,6190.8486328125,4.161399841308594,4.1880998611450195,-0.313400000333786,-0.16539999842643738,2.2712254524230957,0.04000544548034668,0.040003299713134766,0.0565747263008835
Mage,Star246b,6381091636756147200,Star245-a,6740764911228220288,2.04848,0.02353,351.5934318,0.009456655942,-71.7623486,0.009456864558,16.11249561,0.01221672446,-31.90068742,0.01161296759,2.664161247,0.01300048735,293.9081831,0.01583659835,-37.00273164,0.01580056176,14.63187392,0.01896344125,-4.696630923,0.01974546723,-7.600960348,0.01674334332,12.21686172,0.1658628881,16.24114227,0.3919779658,,0.8996761441230774,,,0.8589298129081726,0.9521142840385437,5292.634765625,5484.63134765625,4.471099853515625,4.4344000816345215,0.05829999968409538,0.005400000140070915,,,0.04659223556518555,
Mage,Star252b,4461273072564386816,Star251a,4461273278722817792,-0.40488,0.01291,250.6836373,0.01057991292,13.60749584,0.009300716221,15.50693277,0.01604587771,-49.0182126,0.01323372312,-153.1447777,0.0114784399,250.6820272,0.009012658149,13.61068338,0.007430892438,15.47566014,0.01362597197,-49.19357251,0.01083297096,-152.2001726,0.009180354886,-29.30868149,0.1584905237,-29.16080856,0.1499990672,0.9076955318450928,0.8386783003807068,0.8665807843208313,0.9579875469207764,0.7986782789230347,0.8786783218383789,5566.7978515625,5263.23974609375,4.384500026702881,4.47599983215332,0.019099999219179153,-0.0142000000923872,1.7463738322257996,0.045703381299972534,0.04000002145767212,0.060735498506762166
Mage,Star260b,4287378367995943680,Star259a,4499162449416966272,1.37701,0.03856,280.8158506,0.02304566093,9.041421691,0.02423566021,18.18984874,0.0303620398,40.80943868,0.02882301807,31.83057662,0.02802037075,267.4576886,0.01709112152,12.76518475,0.01553942822,13.83743975,0.02009312063,3.663194354,0.02100540511,33.92962254,0.01750337519,-36.15094757,0.1485313028,-37.29321671,0.1449176371,1.0096572637557983,1.0751477479934692,0.9696494340896606,1.0496711730957031,1.0351375341415405,1.1164134740829468,5855.0283203125,6002.32275390625,4.35099983215332,4.306000232696533,-0.19619999825954437,-0.10520000010728836,2.0848050117492676,0.04001086950302124,0.040637969970703125,0.0570290652363123
Mage,Star266b,4104278208452966912,Star265a,4269938532999515008,-2.54249,0.00644,275.8307216,0.01736848615,-14.47958237,0.01608627662,9.503956173,0.02012022398,7.993071662,0.02465876937,-14.59229511,0.01876554638,275.2834142,0.01710291952,-2.770463207,0.01618700847,8.476638631,0.02259899117,6.999444103,0.02084137872,2.164754456,0.0184342172,-41.57640839,0.6090348363,-43.10791016,0.3056649268,0.9667262434959412,0.9974783062934875,0.9261783361434937,1.0080724954605103,0.9574127793312073,1.03757643699646,5741.228515625,5648.07470703125,4.323299884796143,4.1697998046875,-0.28940001130104065,-0.6205000281333923,1.9642045497894287,0.0409470796585083,0.04008182883262634,0.05729935719646583
Mage,Star28-B,3639520621950395776,Star27-A,3639520621950395904,0.65417,0.00535,215.6612755,0.02293669991,-7.770395956,0.01673245244,23.80200676,0.02386850119,6.010003871,0.02621556632,-136.7243799,0.02055305988,215.6611387,0.02374086156,-7.768771403,0.01756436005,23.74155928,0.02531580254,10.97384826,0.02885526605,-133.8071224,0.02150904946,-32.49496078,0.1505796015,-33.29078674,0.1479227543,1.0172194242477417,1.0173016786575317,0.9772151708602905,1.0572253465652466,0.977299153804779,1.0573053359985352,5871.51220703125,5867.22314453125,4.246399879455566,4.311100006103516,-0.38429999351501465,-0.6011000275611877,2.0345211029052734,0.04000508785247803,0.04000309109687805,0.05657432590309503
Mage,Star286b,4199387544795378176,Star285a,4199387544795379968,0.48051,0.00938,286.5878711,0.01288923435,-10.71871667,0.0123549467,11.45544428,0.01523899473,-66.13188243,0.01527864672,-52.10449682,0.01281134505,286.58459,0.01286287606,-10.7200606,0.01214707084,11.41884347,0.01489193179,-66.08018697,0.01427843701,-50.81682693,0.01227729674,2.232717037,0.2024277002,2.876282454,0.2491645217,1.0185315608978271,1.0119283199310303,0.9784645438194275,1.0585999488830566,0.971846342086792,1.052002191543579,5805.72119140625,5796.38671875,4.354000091552734,4.351799964904785,-0.328000009059906,-0.3089999854564667,2.0304598808288574,0.040067702531814575,0.040077924728393555,0.056671516979103
Mage,Star290b,6868432504866186368,Star289a,6868438517820721152,-0.18207,0.01283,295.2662691,0.01359395217,-20.39789374,0.01366096083,8.486444355,0.01795496233,-57.15930807,0.01586366445,-75.38018237,0.01340360846,295.2973869,0.01402242016,-20.35901624,0.01264133677,8.512246069,0.01601240598,-56.8787462,0.01749925129,-74.91992012,0.01390021015,-11.39852428,0.1812522113,-10.78640556,0.2432949841,1.0725075006484985,1.2162156105041504,1.0323374271392822,1.112691879272461,1.1294097900390625,1.2562538385391235,5961.11083984375,6041.98193359375,4.268899917602539,4.124899864196777,-0.527400016784668,-0.6610000133514404,2.288723111152649,0.040177226066589355,0.06342202425003052,0.07507704478985096
Mage,Star292b,4193020582169053056,Star291a,4193020582174571264,0.18036,0.02277,296.1035265,0.01804830879,-11.02850483,0.01749069244,8.605331855,0.02158456855,-3.81227857,0.0216525048,-19.27662015,0.01965117641,296.1030412,0.02013862133,-11.02861206,0.01938173175,8.637501923,0.02440062538,-5.60180112,0.02463603765,-18.00038967,0.02218291163,0.4604934156,0.2437350303,-0.4670297801,0.4936423004,1.1806690692901611,1.0049278736114502,1.140609860420227,1.2207934856414795,0.9647685289382935,1.0450891256332397,6138.72998046875,5784.1806640625,4.1579999923706055,4.1774001121521,-1.4967000484466553,-1.5324000120162964,2.1855969429016113,0.04009181261062622,0.040160298347473145,0.056746832526261955
Mage,Star294b,4197023904013455872,Star293a,4197023904014523776,-0.24602,0.00918,298.3496495,0.01625158638,-6.006634323,0.01146296412,14.95061192,0.01892541349,35.02230702,0.02077605948,-6.303729758,0.01392660942,298.3417794,0.02173298597,-6.004341657,0.01600017399,14.93790886,0.0272016339,34.04328938,0.02766012214,-8.228184392,0.01957245544,-27.19655418,0.1516657621,-27.7826767,0.1388238519,0.9686014652252197,1.0555251836776733,0.9285394549369812,1.0100706815719604,1.015514612197876,1.0955365896224976,5623.33935546875,5919.86669921875,4.417699813842773,4.385799884796143,-0.19169999659061432,-0.2644999921321869,2.024126648902893,0.040765613317489624,0.04001098871231079,0.05712017548019044
Mage,Star296b,4240625896609242624,Star295a,4240626686883261184,-0.4612,0.01229,298.6072674,0.01517177001,1.940181405,0.0116521623,24.88264608,0.01955944113,-0.2159545034,0.01793021709,-269.8848202,0.01436563395,298.5622983,0.01718732156,1.942227404,0.01252509933,24.78617551,0.021439448,-1.338344389,0.01946485788,-270.2441616,0.014294778,10.01829147,0.1529525518,9.40007782,0.1298070252,0.8015483617782593,,0.7615483403205872,0.8415483832359314,,,5030.26123046875,5102.44384765625,4.512199878692627,4.494500160217285,0.20190000534057617,0.18449999392032623,,0.04000002145767212,,
Mage,Star300b,6471977336628547968,Star299a,6471977542786978688,-0.58538,0.01145,301.7100078,0.01162715256,-56.25674624,0.01400073152,12.56703995,0.01644277945,-135.9209813,0.01371270325,-109.901152,0.01996758394,301.7072819,0.01073824521,-56.25559836,0.01147935726,12.54848672,0.01513269823,-133.2174087,0.01252208557,-110.0577051,0.01528930478,15.66873837,0.2004494667,,,0.8804775476455688,0.9695316553115845,0.8404667377471924,0.9204909205436707,0.9295310974121094,1.0095359086990356,5345.37255859375,5750.373046875,4.472599983215332,4.303400039672852,-0.5468000173568726,-0.7129999995231628,1.8500092029571533,0.040012091398239136,0.040002405643463135,0.05657879386594604
Mage,Star30b,55780840513308160,Star29a,55780840513067392,-0.69626,0.024,51.06111498,0.02442015335,17.54857877,0.02022206411,7.425987769,0.02727034502,12.47685254,0.03215333447,-52.08509105,0.02442020178,51.05971193,0.02034114115,17.54934856,0.01947722211,7.387247732,0.02602814324,13.6490218,0.02664762177,-53.42095546,0.02228952385,,,36.5843277,0.1510415524,1.1579796075820923,1.350584864616394,1.085518717765808,1.1980528831481934,1.3105530738830566,1.3907078504562378,5999.18701171875,5746.22607421875,4.193900108337402,3.7244999408721924,-0.2752000093460083,-0.2912999987602234,2.5085644721984863,0.05626708269119263,0.040077388286590576,0.06908097890484512
Mage,Star302-B,6213644846302305536,Star301-A,5906633952564270848,-2.92235,0.00708,231.0101049,0.02366097458,-27.30541967,0.02360792831,37.01768784,0.02789364383,-2.341090584,0.03066121601,-44.29128619,0.02792616002,225.4717773,0.01668247767,-47.0078012,0.01746081002,38.03541194,0.0225257948,-25.64584169,0.02435337566,-73.64350795,0.02856529504,,,,,,,,,,,5352.9375,,4.43149995803833,,-0.5203999876976013,,,,,
Mage,Star302b,6472230636619614464,Star301a,6473063860275183616,-0.13214,0.01778,303.7694325,0.01126869675,-54.5003746,0.01019849442,10.35630978,0.01467082929,63.67862475,0.01413416304,-35.72702966,0.01395665575,302.6051128,0.01125422865,-54.04377009,0.01093229372,7.95622201,0.01514659822,48.42633314,0.01308925357,-28.71545321,0.01424700487,-10.59645176,0.2263113409,-10.80730915,0.219038263,1.1426973342895508,1.2442516088485718,1.1026906967163086,1.182713508605957,1.2042346000671387,1.2842665910720825,6162.21337890625,6129.23046875,4.300099849700928,4.133299827575684,-0.21250000596046448,-0.22040000557899475,2.3869489431381226,0.04001140594482422,0.040015995502471924,0.05658791833718014
Mage,Star304b,4249652990144051840,Star303a,4249652783985617920,-0.25132,0.01834,303.5401228,0.01771487109,6.588717106,0.01351874415,15.79641542,0.01985823177,-132.3503498,0.02358420752,-58.64034459,0.01743540354,303.5376647,0.01973988488,6.576949299,0.01508922689,15.84395926,0.02394536696,-129.7629838,0.02630646899,-59.66103292,0.0190909002,-0.4640723467,0.1293177158,-0.3876466453,0.1378110796,1.122205138206482,1.004819631576538,1.082192063331604,1.1622179746627808,0.9643771648406982,1.046552300453186,5859.99365234375,5669.1708984375,4.0725998878479,4.080999851226807,0.29030001163482666,0.07909999787807465,2.12702476978302,0.04001295566558838,0.041087567806243896,0.057351764134410295
Mage,Star306-B,6805776211983950080,Star305-A,6805776216277879808,1.77558,0.02028,314.2657405,0.01807540841,-24.20048126,0.008686005138,16.22062693,0.01926183328,66.6285837,0.0199351646,-120.7320236,0.01801954024,314.2651002,0.01501652878,-24.20085359,0.008062838577,16.1878132,0.01745027676,64.01092874,0.01832451299,-114.6361193,0.01607638411,,,,,,0.8373668789863586,,,0.7973668575286865,0.8773669004440308,5121.08837890625,5223.31884765625,4.482900142669678,4.432199954986572,-0.1062999963760376,-0.3580000102519989,,,0.04000002145767212,
Mage,Star306b,6673835611220171904,Star305a,6673835645579910016,-0.12811,0.00556,303.7097309,0.0135283526,-44.07390866,0.01158053055,10.72866219,0.01712622121,-37.82203198,0.01716476493,2.315023465,0.01329304185,303.7222406,0.01787607744,-44.05769265,0.01604115404,10.72451392,0.02266823128,-37.56355815,0.0213520173,1.984417395,0.01841738261,,,,,1.039229154586792,1.124880075454712,0.9992216229438782,1.0792391300201416,1.0845835208892822,1.1649175882339478,5866.50830078125,5682.89697265625,4.280099868774414,4.061600208282471,-0.5015000104904175,-0.4772999882698059,2.164109230041504,0.040008753538131714,0.040167033672332764,0.0566929532985298
Mage,Star32-B,5897785667103983616,Star31-A,5897704951769034368,-0.41637,0.01034,217.2034399,0.0129178986,-52.99143807,0.01391902752,5.645204482,0.0176124163,4.432012049,0.01886588708,-21.85068408,0.02292032354,218.3675092,0.01293831598,-52.58458709,0.01324090548,5.879769775,0.01686540805,4.944161317,0.01714669168,-22.13366305,0.01847192831,44.16986465,0.3741095662,44.62592316,0.1965379417,0.9934715628623962,0.9885701537132263,0.9532193541526794,1.0336799621582031,0.9484726190567017,1.0292654037475586,5732.39453125,5646.26123046875,4.226099967956543,4.197400093078613,-0.43709999322891235,-0.350600004196167,1.9820417165756226,0.04023030400276184,0.04039639234542847,0.05701180469587353
Mage,Star314b,6889841508084452096,Star313a,6900155614347675648,1.51305,0.00974,314.0036383,0.0145743601,-11.59654033,0.007423963863,9.925265097,0.019987965,25.00887387,0.02020603605,-25.50773938,0.01281868387,310.4788922,0.01257711928,-12.68743023,0.006794346031,9.016815785,0.01443658955,26.48208441,0.01498358976,-23.00612367,0.01222736202,14.52161217,0.1759690195,14.17988682,0.1766166091,1.1188769340515137,1.025747299194336,1.0788753032684326,1.1588791608810425,0.9854475259780884,1.0660938024520874,6106.84521484375,5874.10107421875,4.26170015335083,4.318299770355225,-0.2815999984741211,-0.21870000660419464,2.1446242332458496,0.04000192880630493,0.04032313823699951,0.05679885373407513
Mage,Star320b,6409419145097654016,Star3192,6463958151650359040,1.85049,0.01385,317.6081076,0.01472658012,-54.5746231,0.01310305763,30.03206758,0.02089958265,131.9713048,0.01928514428,-30.11176832,0.01772608235,317.6066305,0.0151395537,-54.57383951,0.01339035388,30.05997513,0.02110434882,128.3995897,0.01965892501,-21.44137801,0.01789989136,,,,,1.0185446739196777,0.9453418254852295,0.9785379767417908,1.0585509538650513,0.9053083658218384,0.9854890704154968,5825.74267578125,5598.666015625,4.336299896240234,4.4008002281188965,-0.3122999966144562,-0.16699999570846558,1.9638864994049072,0.04000648856163025,0.040090352296829224,0.05663705036736758
Mage,Star319a2,6463958151650358784,Star319a1,6463958151650359040,-1.39097,0.00546,317.6066305,0.0151395537,-54.57383951,0.01339035388,30.05997513,0.02110434882,128.3995897,0.01965892501,-21.44137801,0.01789989136,317.6081076,0.01472658012,-54.5746231,0.01310305763,30.03206758,0.02089958265,131.9713048,0.01928514428,-30.11176832,0.01772608235,,,,,0.8874082565307617,0.9453418254852295,0.8473992347717285,0.9274168014526367,0.9053083658218384,0.9854890704154968,5457.8212890625,5598.666015625,4.4421000480651855,4.4008002281188965,-0.38760000467300415,-0.16699999570846558,1.8327500820159912,0.0400087833404541,0.040090352296829224,0.05663867134447345
Mage,Star322b,6463958151650359040,Star321a,6463958151650358784,-0.93727,0.00471,317.6066305,0.0151395537,-54.57383951,0.01339035388,30.05997513,0.02110434882,128.3995897,0.01965892501,-21.44137801,0.01789989136,317.6081076,0.01472658012,-54.5746231,0.01310305763,30.03206758,0.02089958265,131.9713048,0.01928514428,-30.11176832,0.01772608235,-3.612809658,0.1350271851,-4.682344913,0.1317773908,0.9453418254852295,0.8874082565307617,0.9053083658218384,0.9854890704154968,0.8473992347717285,0.9274168014526367,5598.666015625,5457.8212890625,4.4008002281188965,4.4421000480651855,-0.16699999570846558,-0.38760000467300415,1.8327500820159912,0.040090352296829224,0.0400087833404541,0.05663867134447345
Mage,Star328b,2670687222445537152,Star327a,6899460856141456384,-0.69389,0.0278,323.9650973,0.01560987718,-6.450754978,0.01165446453,5.669753339,0.0185885299,25.78177665,0.01808970608,-10.85288312,0.01261140592,320.4067446,0.01781978086,-5.318742441,0.01345143188,5.719339264,0.02113214508,23.1712671,0.02227450162,-9.9160917,0.01544812229,-20.10351563,0.161924243,-22.33489609,0.2227608711,1.1344645023345947,1.5291595458984375,1.094224452972412,1.174630045890808,1.4890309572219849,1.5692914724349976,5966.07421875,6246.74560546875,4.076600074768066,3.8224000930786133,-0.48350000381469727,-0.13089999556541443,2.6636240482330322,0.040202796459198,0.04013025760650635,0.056804070441336015
Mage,Star330b,6827651373773901568,Star329a,6827651171911478272,-1.41153,0.0079,321.5291963,0.01303076558,-23.41674657,0.009461610578,18.97409817,0.01548097841,119.0141129,0.0154034039,-115.2391578,0.01319939736,321.5299642,0.0140354177,-23.41889802,0.009986895137,18.97994744,0.01614797302,114.0464841,0.01701953076,-113.0893249,0.01447940804,-26.7892704,0.1931711882,,,0.7999040484428406,0.8051963448524475,0.7598445415496826,0.8407028913497925,0.7651963233947754,0.8451963663101196,5125.04248046875,5018.29345703125,4.520400047302246,4.510300159454346,-0.1469999998807907,-0.04969999939203262,1.605100393295288,0.04042917490005493,0.04000002145767212,0.056872839736674494
Mage,Star34-B,6224633983987511552,Star33-A,6224633983987510528,-0.75326,0.00273,225.8999994,0.02807771787,-27.84161401,0.03062130883,19.41312707,0.02926806547,159.0100011,0.03487878665,-139.1325609,0.03747321665,225.8984769,0.0268311929,-27.84315548,0.02887194045,19.43252884,0.02650577389,156.227442,0.0350195393,-133.7669656,0.03767659143,-15.69892025,0.1773620248,-16.36851883,0.1946819872,0.9779052734375,0.9820525646209717,0.9378886818885803,1.0179251432418823,0.9420424699783325,1.022063136100769,5725.50048828125,5726.29248046875,4.39109992980957,4.401299953460693,-0.5715000033378601,-0.5040000081062317,1.9599578380584717,0.040018230676651,0.04001033306121826,0.056588740383218164
Mage,Star338b,6570796871887419648,Star337a,6570797524722448896,0.15362,0.00392,330.3571935,0.009181078523,-44.27193882,0.008551798761,12.77820775,0.01337678265,-72.17681479,0.01011887565,-17.72488031,0.01109609753,330.3457146,0.01038669702,-44.28330869,0.009853235446,12.80895258,0.01597881876,-71.95599984,0.01205843221,-18.23991142,0.01289668307,18.89666176,0.1573712528,19.15603828,0.1461579055,,,,,,,5375.46240234375,5065.7666015625,4.3709001541137695,4.492499828338623,0.4108000099658966,0.4269999861717224,,,,
Mage,Star34b,4666907516760096512,Star33a,4666907551119833984,-0.15404,0.00604,225.8999994,0.02807771787,-27.84161401,0.03062130883,19.41312707,0.02926806547,159.0100011,0.03487878665,-139.1325609,0.03747321665,225.8984769,0.0268311929,-27.84315548,0.02887194045,19.43252884,0.02650577389,156.227442,0.0350195393,-133.7669656,0.03767659143,-15.69892025,0.1773620248,-16.36851883,0.1946819872,1.079469919204712,1.0784343481063843,1.0394666194915771,1.119472622871399,1.038432240486145,1.118442177772522,5930.529296875,5803.111328125,4.055600166320801,4.003499984741211,-0.4352000057697296,-0.1923999935388565,2.157904267311096,0.04000300168991089,0.04000496864318848,0.056574178388603284
Mage,Star342b,2630545461664620288,Star341a,2731708498584058368,-3.7418,0.03295,348.6552116,0.0136397006,-8.078623404,0.01142707281,20.58502816,0.01507546101,130.5376853,0.01800186187,2.885074101,0.01389489602,341.119014,0.02493339032,13.68662426,0.02460479178,23.16750888,0.02716913074,133.3593759,0.03691217303,36.71293729,0.02949020825,-16.21904945,0.2161690295,-18.95726013,0.1219430268,0.8051109910011292,0.8565297722816467,0.765110969543457,0.8808881044387817,0.8165078163146973,0.8965550661087036,5067.89990234375,5414.1767578125,4.5157999992370605,4.414000034332275,0.01979999989271164,0.0908999964594841,1.6616407632827759,0.057888567447662354,0.040023624897003174,0.07037738835051047
Mage,Star344b,2611083178139983744,Star343a,2398083032532932480,1.78239,0.01155,341.8615692,0.01932873391,-7.434989689,0.01731189527,9.9169413,0.02105542272,55.56266522,0.0241536852,-0.9115162706,0.01797517017,343.3490656,0.01718121953,-20.06919558,0.01464005932,10.20338945,0.01746643893,57.7708452,0.02233978547,1.532170737,0.01635179855,7.019859791,0.2492631078,6.504952431,0.3204274178,1.1346473693847656,1.0517102479934692,1.094640851020813,1.1746621131896973,1.01164710521698,1.0918878316879272,6145.099609375,5902.03857421875,4.273200035095215,4.358399868011475,-0.2741999924182892,-0.22349999845027924,2.186357617378235,0.04001063108444214,0.04012036323547363,0.056661222594660554
Mage,Star346b,2713872019095313536,Star345a,2713861882972485504,0.39881,0.02113,345.8772073,0.01599579863,8.806732516,0.01161968987,10.69381911,0.01600622199,23.10968775,0.02387663536,-24.36140663,0.0153518077,345.8042632,0.01536562387,8.661070815,0.01234487351,10.58645475,0.01702723466,22.69029834,0.01806222461,-22.815794,0.01443811879,19.31467247,0.1627145559,18.90114021,0.4488507807,1.1658506393432617,1.0877628326416016,1.1258455514907837,1.2058587074279785,1.0477560758590698,1.1277859210968018,6181.02099609375,6045.2734375,4.160999774932861,4.220200061798096,-0.4781000018119812,-0.4002000093460083,2.2536134719848633,0.04000657796859741,0.04001492261886597,0.05658374601377409
Mage,Star36-B,6004256802548180736,Star35-A,6004256909931771136,-0.59009,0.00148,228.4934553,0.0162559133,-41.46412941,0.01618244499,23.18870983,0.02082048357,-253.3668514,0.02164487727,-252.8073536,0.02206784114,228.4941375,0.02086968906,-41.45946029,0.01958175935,23.19125506,0.02855921909,-255.6878076,0.02860033512,-251.5201286,0.02860383503,-45.16860199,0.1313462704,-45.78371429,0.161920011,0.851801335811615,0.8446831107139587,0.8118013143539429,0.8918013572692871,0.8046830892562866,0.8846831321716309,5381.51513671875,5240.0341796875,4.418700218200684,4.470200061798096,0.11490000039339066,-0.010999999940395355,1.6964844465255737,0.04000002145767212,0.04000002145767212,0.05656857284065473
Mage,Star352b,2714025229168797696,Star351a,2815476857825953408,-3.21406,0.01752,347.686214,0.0146484673,8.938699178,0.01252010744,8.564796092,0.01641960815,23.16594104,0.02115720138,-19.85821069,0.01547266822,347.7244738,0.01505349763,14.17144336,0.01140557416,10.59357686,0.01719019189,28.96024326,0.01761990786,-22.69865833,0.01328507531,-5.786352158,0.1785848588,-7.885551929,0.2201331109,1.1356463432312012,0.9537819623947144,1.095574140548706,1.1758136749267578,0.913762629032135,0.993803083896637,6098.111328125,5697.79443359375,4.213699817657471,4.285299777984619,-0.11890000104904175,-0.1289999932050705,2.0894283056259155,0.04011976718902588,0.04002022743225098,0.05666757735275729
Mage,Star_356b,2638615189818036608,Star355a,2638615189818036736,-1.00685,0.00595,349.1483481,0.02296607569,-1.58516148,0.01571336202,18.27449412,0.02272405103,168.1336784,0.0269960463,23.16193478,0.01725433953,349.1475615,0.02412671782,-1.586428939,0.0191704575,18.27122773,0.02573195472,165.3931686,0.03121953458,20.76121466,0.02176830545,-11.04538345,0.186490342,-11.93813992,0.1300878823,,0.9908128976821899,,,0.9508103132247925,1.0308154821395874,,5795.5087890625,,4.266300201416016,,-0.15929999947547913,,,0.04000258445739746,
Mage,Star_358b,2630937059602783616,Star357a,2630906926112239616,0.08245,0.00643,350.6034023,0.01880265586,-6.802494624,0.01844110154,12.94142259,0.02756058238,-121.6258041,0.0213499926,-114.3818111,0.0200717207,350.6028864,0.01623856463,-6.973490985,0.01390208676,12.89451956,0.01877498627,-119.9064413,0.0220602192,-113.5722862,0.01708912477,-15.14930058,0.1968421042,-14.25399971,0.4186050594,1.0731983184814453,0.9384784698486328,1.033192753791809,1.1132041215896606,0.8983486890792847,0.9825926423072815,5994.169921875,5645.41796875,4.259799957275391,4.383800029754639,-0.11299999803304672,0.039799999445676804,2.011676788330078,0.04000568389892578,0.04212197661399841,0.05809230291605764
Mage,Star360b,2366265678581766272,Star359a,2632792584258400640,-7.31352,0.01152,4.12550011,0.01832384989,-18.25461161,0.01184473746,15.20865843,0.02135470882,99.03220817,0.01943357848,-42.91862038,0.01455492433,351.7907564,0.01435868256,-5.59213965,0.01566320285,14.64133605,0.01903741993,87.64983346,0.01807965338,-42.13779386,0.01708392613,,,,,0.9802071452140808,0.8923117518424988,0.9399351477622986,1.0217809677124023,0.8520723581314087,0.9329609870910645,5596.0908203125,5326.20361328125,4.503399848937988,4.49459981918335,-0.01209999993443489,-0.09070000052452087,1.8725188970565796,0.04092290997505188,0.04044431447982788,0.05753631144389963
Mage,Star364b,2388618372016602368,Star363a,2388618372016602240,0.44553,0.00747,354.2610436,0.01365069766,-21.67477023,0.01282847859,10.5291078,0.01670476981,35.41280144,0.01886055805,27.71309764,0.01389010902,354.261256,0.01502572745,-21.67563902,0.01355352625,10.51227702,0.01771737635,35.78952515,0.02190548182,27.9474704,0.01475334819,17.08567047,0.3322001398,,,,1.0107945203781128,,,0.9707374572753906,1.0511448383331299,,5818.08154296875,,4.35290002822876,,-0.18289999663829803,,,0.04020369052886963,
Mage,Star368b,6527965258988306304,Star367a,2328250334633289856,-10.13966,0.00694,347.967441,0.0078906212,-45.13670286,0.01791121811,20.93192209,0.01831881888,87.53480281,0.00952454377,-93.67788827,0.01819973439,357.2108824,0.01538247429,-28.12148552,0.01632298902,22.68209291,0.01794389449,96.5888558,0.01828096807,-105.2736791,0.02077153139,,,,,,0.8531618118286133,,,0.8102207183837891,0.8966779112815857,,5192.10498046875,,4.531799793243408,,-0.04190000146627426,,,0.043228596448898315,
Mage,Star38-B,5877155289930029184,Star37-A,5877155289930033024,0.0787,0.01244,228.6497777,0.01098346524,-58.02469841,0.01205606479,7.014504849,0.01566550136,-91.67959482,0.01510939561,-27.39288297,0.01776707917,228.6473681,0.01130122505,-58.01837371,0.01200035959,7.029951733,0.01578252017,-91.28868991,0.01548501011,-28.28298603,0.01697160862,,,,,1.0174044370651245,1.0480769872665405,0.9770453572273254,1.0581406354904175,1.0080010890960693,1.0881860256195068,5698.689453125,5703.77197265625,4.182400226593018,4.144199848175049,-0.28459998965263367,-0.3188000023365021,2.065481424331665,0.04054763913154602,0.04009246826171875,0.05702207511533588
Mage,Star40-B,5798991008295120896,Star39-A,5798991008295109120,-0.27857,0.01489,229.1698149,0.008671887219,-70.22395182,0.009826905094,6.065937618,0.01278652344,-13.12180795,0.009792958386,-48.55006947,0.01225601602,229.1899414,0.009436842054,-70.22864658,0.01082275901,6.124047555,0.01380487904,-12.16189411,0.01048475876,-47.54134522,0.01294296887,3.751072645,0.2451844513,3.582826853,0.2644348443,0.9347518086433411,0.9243438243865967,0.8943803906440735,0.9750798344612122,0.8843438029289246,0.9643438458442688,5568.41796875,5562.0205078125,4.269999980926514,4.204899787902832,0.07530000060796738,0.09989999979734421,1.8590956330299377,0.040349721908569336,0.04000002145767212,0.05681638649820235
Mage,Star402-B,3616756294553180288,Star401-A,3616756294553180160,1.229,0.01375,204.3990472,0.01604090631,-10.80401522,0.01222978346,15.54713311,0.02022401989,91.28708016,0.020700261,-152.1309196,0.01395333651,204.4003473,0.01379667874,-10.80415307,0.0101759648,15.55270246,0.01617941074,90.67934332,0.01870446838,-148.2829277,0.01116647199,-56.86723709,0.3573166132,-55.20549774,0.2116440833,0.892818033695221,0.9556974768638611,0.8527981042861938,0.932834267616272,0.9156860113143921,0.9957112073898315,5269.880859375,5554.0078125,4.511899948120117,4.454400062561035,-0.48750001192092896,-0.6189000010490417,1.848515510559082,0.04001808166503906,0.04001259803771973,0.05659023645363101
Mage,Star404-B,6369977876303556736,Star403-A,6369977773223661184,-0.08529,0.00542,317.2174144,0.01218648162,-73.87897621,0.01381771173,3.370474759,0.01612721756,-20.86849398,0.01604351401,-12.91425262,0.01817846671,317.2124022,0.009114738554,-73.87968699,0.01148753799,3.377304172,0.01226452552,-20.90680853,0.01261584368,-13.06952815,0.0156053016,21.00421143,0.3793384731,21.21789551,0.2393759638,1.2437424659729004,1.2803069353103638,1.2035268545150757,1.2844029664993286,1.2396329641342163,1.3207623958587646,5957.77392578125,5563.87744140625,4.0030999183654785,3.746999979019165,-0.39489999413490295,-0.33500000834465027,2.524049401283264,0.040438055992126465,0.04056471586227417,0.0572776792948998
Mage,Star42-B,6214634887804233088,Star41-A,6214634887804201728,-0.38021,0.10385,230.8033001,0.01628470235,-26.01889948,0.01096984558,9.416104408,0.01832909137,-11.87747699,0.02116971835,-37.41397508,0.01483293343,230.8045898,0.0167636238,-26.01903172,0.01212765463,9.413353899,0.01910550334,-11.52816671,0.02129830979,-38.22650458,0.01666205749,-40.07537842,0.5756105781,-39.14181137,0.3974694908,0.996839702129364,0.9135165214538574,0.9568009972572327,1.0368831157684326,0.8734269738197327,0.9539746642112732,5736.46484375,5600.888671875,4.377699851989746,4.372200012207031,-0.3190000057220459,-0.5753999948501587,1.9103562235832214,0.040041059255599976,0.040273845195770264,0.05679145211352969
Mage,Star44-B,6208919660723526272,Star43-A,6208919660724640896,0.31495,0.23344,235.6514104,0.01852182485,-30.49605143,0.01142949238,12.85544328,0.02000521868,-58.47665858,0.02513427287,-69.44431614,0.01573447138,235.6526375,0.0196122285,-30.49362942,0.01458327845,12.7905217,0.02299191244,-57.98765898,0.03021271899,-70.46597612,0.01962530613,-34.68975449,0.2699993551,-33.3185997,0.3629124463,,,,,,,5400.03515625,5248.42333984375,4.573200225830078,4.600299835205078,-0.030300000682473183,-0.028200000524520874,,,,
Mage,Star48-B,5778208829765877376,Star47-A,5778208829765876864,-1.47299,0.00799,236.609442,0.01047348138,-80.53566212,0.01037770417,6.356080426,0.01247318368,-41.36383214,0.01316194702,-44.88772296,0.01514982153,236.6178695,0.01602114178,-80.53566492,0.01577448845,6.386304566,0.01902814768,-42.29802652,0.02031198516,-46.38812507,0.02372938953,-13.90517139,0.3557761014,-13.72116947,0.2256361544,1.032633662223816,1.0286295413970947,0.9926103353500366,1.0726510286331177,0.9886028170585632,1.068865180015564,5888.50439453125,5846.26953125,4.2104997634887695,4.2210001945495605,-0.4146000146865845,-0.6632999777793884,2.0612632036209106,0.04002034664154053,0.040131181478500366,0.056675743243202334
Mage,Star54b,3230677874682668672,Star53a,3230677565443833088,0.88041,0.28128,69.35877991,0.02695810609,0.5746885194,0.01458960492,15.66476455,0.03403697535,15.89176506,0.03860224038,12.19254565,0.03026271425,69.3614131,0.01724673435,0.553170257,0.009298455901,15.69670777,0.0210321825,16.57463108,0.02574106678,11.63983098,0.0191840902,38.72426224,0.1327363849,38.39664841,0.1349283606,1.1526923179626465,1.1626927852630615,1.1126132011413574,1.1928123235702515,1.1224007606506348,1.2030757665634155,5902.7353515625,5966.1201171875,4.0680999755859375,3.884999990463257,-0.652899980545044,-0.8385000228881836,2.315385103225708,0.04009956121444702,0.04033750295639038,0.05687784238478097
Mage,Star56-B,4360581000283303552,Star55-A,4360581000283303936,1.88172,0.00827,259.9934375,0.01561179943,-6.429118666,0.01181089412,10.38912268,0.01896736771,-9.114474261,0.01931009628,-20.38433951,0.01346786041,259.9942538,0.01752636395,-6.42726527,0.01321413554,10.40091551,0.02004501224,-9.659470186,0.02077051625,-22.09612218,0.01416276302,,,,,0.9319508075714111,1.0360326766967773,0.8917266130447388,0.9754324555397034,0.9959118366241455,1.0762035846710205,5620.7958984375,5826.49755859375,4.394199848175049,4.4832000732421875,-0.5720999836921692,-0.1826999932527542,1.9679834842681885,0.0418529212474823,0.0401458740234375,0.05799446713311253
Mage,Star56b,4813691219557127808,Star55a,4867855155206070784,-2.531,0.01825,75.21629928,0.009036155418,-41.0184885,0.0110643236,12.88205768,0.01041915361,31.64826668,0.01160061359,10.2221212,0.01416767202,70.31574415,0.00782961119,-35.23282497,0.01048963703,12.79906653,0.01103375293,33.81775798,0.009965778328,1.885569265,0.01371376961,22.4617672,0.2703778744,23.13709068,0.184404999,0.8923455476760864,0.9610612988471985,0.8523403406143188,0.9323528409004211,0.9210307598114014,1.0012129545211792,5551.88916015625,5500.8720703125,4.366300106048584,4.560400009155273,-0.5453000068664551,0.08969999849796295,1.853406846523285,0.04000625014305115,0.040091097354888916,0.05663740934777615
Mage,Star58-B,6866542478736575616,Star57-A,5767612458250649216,4.58062,0.12706,302.6061032,0.02501887456,-19.3839734,0.01727383956,14.76018854,0.028104892,12.95864436,0.02821261622,-104.2890185,0.01932409592,267.9665969,0.01360147726,-84.11118726,0.01366588753,14.55346723,0.01548765972,13.05412087,0.02057312801,-7.762516267,0.01873489469,16.62519073,0.265853256,37.05995941,0.126905635,1.2494090795516968,1.1490000486373901,1.2093874216079712,1.2895195484161377,1.108996868133545,1.1890754699707031,5863.09228515625,5817.46533203125,3.798099994659424,4.063399791717529,-0.5088000297546387,-0.38019999861717224,2.398409128189087,0.04006606340408325,0.0400393009185791,0.05664304948313207
Mage,Star60-B,3288572968680438912,Star59A,3288572968680438528,0.60016,0.01384,73.56892155,0.02093473822,7.367933628,0.01152874529,33.78401518,0.02593944035,246.0837155,0.02907335758,-197.6783576,0.02190479822,73.57046663,0.01971209981,7.372137597,0.01109943073,33.76434481,0.02503369749,248.0007627,0.02666060813,-201.860248,0.0196378883,46.69430542,0.1874972135,46.45882416,0.156129986,,0.8102623224258423,,,0.7702623009681702,0.8687434792518616,4988.26904296875,5062.43310546875,4.506100177764893,4.484799861907959,-0.058400001376867294,-0.15070000290870667,,,0.0492405891418457,
Mage,Star62-B,6644929656684912512,Star61-A,6644929416166727680,-0.46847,0.01017,290.1324118,0.01083561778,-52.55758603,0.009700891562,8.294883656,0.0160279423,-13.40960805,0.01138305478,-62.90458916,0.009231646545,290.1686261,0.01069258992,-52.57636074,0.01048998442,8.289116304,0.01690050401,-15.05981663,0.01159083843,-62.40791445,0.009940869175,29.68469048,0.1753311604,29.29621315,0.2103096992,1.0173392295837402,0.9956817030906677,0.9771742820739746,1.0574480295181274,0.955675482749939,1.035688042640686,5855.7421875,5719.2490234375,4.166399955749512,4.22760009765625,-0.2298000007867813,-0.15860000252723694,2.013020932674408,0.040136873722076416,0.040006279945373535,0.056669842661238305
Mage,Star64-B,6743004650775553280,Star63-A,6743004646477330560,-4.06295,0.20881,290.8733058,0.01163638756,-34.52832362,0.01169877872,17.37616154,0.01336623356,-44.70439807,0.01394302305,-54.03050641,0.01245200075,290.8734489,0.01227135956,-34.52709253,0.01230162475,17.3824897,0.01399543323,-43.98397112,0.01632156037,-48.69945583,0.01518419292,5.13870573,0.1912565976,,,0.8200016021728516,0.8677983283996582,0.7799667716026306,0.8600466847419739,0.8277498483657837,0.9078363180160522,5131.791015625,5269.8291015625,4.515100002288818,4.497499942779541,-0.16760000586509705,-0.3237999975681305,1.6877999305725098,0.04003995656967163,0.04004323482513428,0.056627367741773384
Mage,Star66-B,4235732073427592704,Star65-A,4235731867269159680,0.79992,0.00586,300.4040431,0.01705519855,-1.671332913,0.01098299772,9.961286927,0.01798149012,-6.810143219,0.02067601122,-16.0246919,0.01335267257,300.4194665,0.01623279788,-1.675650561,0.01058146823,9.983527731,0.01749900728,-6.913525048,0.01996991225,-15.22650811,0.01320743747,-60.6951561,0.1465066373,-59.60270309,0.189029187,1.0885511636734009,1.0517346858978271,1.0485179424285889,1.1590238809585571,1.0117278099060059,1.0917495489120483,5978.94677734375,5920.72802734375,4.200399875640869,4.144800186157227,-0.23109999299049377,-0.22519999742507935,2.140285849571228,0.05525296926498413,0.04001086950302124,0.06821847470432828
Mage,Star68-B,6673292933512285312,Star67-A,6673293174030454400,-0.0894,0.06384,301.0151496,0.01335919928,-45.79954648,0.01128209103,9.327259372,0.01489667874,-32.80966214,0.01648643427,-161.6455084,0.01258442551,301.0161515,0.01437279582,-45.79179899,0.01234545279,9.300992208,0.01679511927,-33.10492868,0.01723030768,-161.142807,0.01370881218,-0.9943630695,0.190242663,-0.8882909417,0.2086269408,0.8914423584938049,0.8574603199958801,0.851379930973053,0.9315424561500549,0.8172527551651001,0.897926926612854,5544.7099609375,5358.28515625,4.369800090789795,4.434299945831299,0.3066999912261963,0.06530000269412994,1.748902678489685,0.04008126258850098,0.04033708572387695,0.0568646471490307
Mage,Star70-B,6666179127640352512,Star69-A,6666179333798782976,-0.36633,0.00312,301.9073106,0.009406659752,-51.74934566,0.00830082316,18.56246739,0.01323504187,-17.82294189,0.01281855628,-26.67294035,0.0119099468,301.8987898,0.009279520251,-51.75089072,0.008062238805,18.55356861,0.01355547644,-16.51605357,0.01294148248,-31.09752978,0.01146830991,-27.06009865,0.1476157904,-27.33277893,0.1782122254,0.8441197276115417,0.8623762726783752,0.8041027188301086,0.8841320276260376,0.8223668336868286,0.9023847579956055,5141.84423828125,5111.4794921875,4.581200122833252,4.542500019073486,-0.1712000072002411,-0.12430000305175781,1.706496000289917,0.04001465439796448,0.04000896215438843,0.05658524206239489
Mage,Star88-B,5976865876277242112,Star87-A,2598586816173411200,-19.75833,0.08505,257.1367981,0.01832062379,-36.64340389,0.009797678329,19.03436536,0.01999364793,46.56797935,0.02368976921,-83.14136948,0.01669440977,334.8935634,0.02026138268,-16.70472072,0.01487850863,22.96000139,0.02080046758,40.61622055,0.02432421409,-81.96625127,0.01634516567,,,,,1.0091444253921509,1.1003037691116333,0.9691275954246521,1.049208164215088,1.0603013038635254,1.140307068824768,5756.10205078125,6038.55322265625,4.064300060272217,4.148900032043457,-0.35830000042915344,-0.590499997138977,2.109448194503784,0.040040284395217896,0.04000288248062134,0.05659907226455511
Mage,Star90-B,6518006565562564352,Star89-A,6518007050894577664,-0.49478,0.01195,336.69311,0.01162982266,-48.3599862,0.01136690006,6.950542268,0.01668053679,120.0052457,0.01357932389,-17.39766535,0.01359806489,336.7445909,0.009418582544,-48.32539352,0.009814704768,6.975685184,0.01416838262,119.7098659,0.01091750059,-17.08260787,0.01213348191,-66.6016922,0.1948391944,-66.36386108,0.2517862618,1.0701690912246704,1.02204167842865,1.0301047563552856,1.1102046966552734,0.9820305705070496,1.062058448791504,5905.2861328125,5850.18994140625,4.258800029754639,4.311500072479248,-0.3709999918937683,-0.22679999470710754,2.0922107696533203,0.040049970149993896,0.04001393914222717,0.05661373892168987
Mage,Star94-B,6497943781187251072,Star93-A,6497943781186827264,0.03178,0.00567,352.5118842,0.009204559028,-54.31437743,0.01148236729,8.627045483,0.01719156094,46.11617789,0.01075796224,-30.75852317,0.01434705127,352.5076877,0.007739193272,-54.31711014,0.009482362308,8.577768683,0.01389205828,46.7980154,0.009064398706,-31.1628899,0.01204889361,-13.75244141,0.1985209286,-13.64801979,0.1736164838,0.9674373865127563,1.016534447669983,0.9272803068161011,1.007612705230713,0.9757839441299438,1.0573047399520874,5567.34814453125,5790.703125,4.520699977874756,4.458099842071533,0.09279999881982803,0.10400000214576721,1.9839718341827393,0.04016619920730591,0.04076039791107178,0.057225288086910374
Mage,Star98-B,2331411778456143232,Star97-A,2331411774161459328,0.58796,0.00541,356.030667,0.019284904,-27.19614508,0.02054451033,8.698356823,0.02323383093,21.37012836,0.02053007111,23.90054206,0.026972875,356.0300186,0.01863841899,-27.19447,0.01911343075,8.707276809,0.02142713964,20.27385664,0.01997482404,24.41237667,0.02460947633,21.17963982,0.2183438987,21.9245472,0.2424304783,1.0034539699554443,0.9938206672668457,0.9634288549423218,1.0435078144073486,0.9536363482475281,1.0340625047683716,5818.5,5809.26025390625,4.337399959564209,4.316199779510498,0.03830000013113022,0.04859999939799309,1.99727463722229,0.04003947973251343,0.04021307826042175,0.05674726073062169
Mage,Star10b,2456617393759254400,Star9a,5030721964337409536,2.43924,0.01076,20.25274791,0.01608047076,-12.74288397,0.01383614354,13.54034775,0.02000021003,93.52848853,0.02581523918,7.898239574,0.02830542438,14.98114756,0.01091238856,-31.27081855,0.009556516074,11.32089334,0.0156113673,79.07096811,0.01306983735,7.826346567,0.02103859372,5.239274025,0.1307339668,,,1.0306401252746582,0.9288556575775146,0.9906356930732727,1.0706465244293213,0.8885915279388428,0.9695912599563599,5902.19091796875,5562.68310546875,4.291399955749512,4.211999893188477,-0.19550000131130219,0.16680000722408295,1.9594957828521729,0.04000541567802429,0.040499866008758545,0.056926904274682874
